{
  "FilterHeaders": [
    {
      "Header": "user-agent",
      "IncludeInScript": false
    },
    {
      "Header": "upgrade-insecure-requests",
      "IncludeInScript": true
    },
    {
      "Header": "sec-fetch-user",
      "IncludeInScript": true
    },
    {
      "Header": "sec-fetch-site",
      "IncludeInScript": true
    },
    {
      "Header": "sec-fetch-mode",
      "IncludeInScript": true
    },
    {
      "Header": "sec-fetch-dest",
      "IncludeInScript": true
    },
    {
      "Header": "sec-ch-ua-mobile",
      "IncludeInScript": true
    },
    {
      "Header": "sec-ch-ua",
      "IncludeInScript": true
    },
    {
      "Header": "origin",
      "IncludeInScript": true
    },
    {
      "Header": "if-none-match",
      "IncludeInScript": false
    },
    {
      "Header": "if-modified-since",
      "IncludeInScript": false
    },
    {
      "Header": "cache-control",
      "IncludeInScript": false
    },
    {
      "Header": "accept-language",
      "IncludeInScript": false
    },
    {
      "Header": "accept-encoding",
      "IncludeInScript": false
    },
    {
      "Header": "accept",
      "IncludeInScript": false
    }
  ],
  "FilterResources": [
    {
      "IsNonResource": true,
      "type": "text/html"
    },
    {
      "IsNonResource": false,
      "type": "image/png"
    },
    {
      "IsNonResource": false,
      "type": "image/gif"
    }
  ],
  "GeneralInfo": {
    "BrowserVersion": "",
    "MaxUsedConnections": 15,
    "RecordedBrowser": "Chrome",
    "RecordingDate": "???-24-2021",
    "RecordingDuration": 122094,
    "RecordingTimeStamp": 1621889568,
    "TotalBytesReceived": 26936,
    "TotalBytesSent": 21491,
    "TotalRequests": 28
  },
  "HostInfo": [
    {
      "DomainName": "localhost",
      "Domains": [
        {
          "HTTPVersion": "HTTP/1.1",
          "IP": "[::1]",
          "IncludeInScript": true,
          "Name": "localhost",
          "Port": 1080,
          "Requests": [
            {
              "CompressionType": "",
              "DataType": "text/html",
              "DownloadTime": 62,
              "EventId": 769,
              "HttpStatus": 200,
              "Size": 1489,
              "URL": "http://localhost:1080/cgi-bin/nav.pl?in=home"
            },
            {
              "CompressionType": "",
              "DataType": "",
              "DownloadTime": 15,
              "EventId": 767,
              "HttpStatus": 304,
              "Size": 0,
              "URL": "http://localhost:1080/WebTours/home.html"
            },
            {
              "CompressionType": "",
              "DataType": "text/html",
              "DownloadTime": 47,
              "EventId": 764,
              "HttpStatus": 200,
              "Size": 686,
              "URL": "http://localhost:1080/cgi-bin/welcome.pl?signOff=1"
            },
            {
              "CompressionType": "",
              "DataType": "text/html",
              "DownloadTime": 47,
              "EventId": 761,
              "HttpStatus": 200,
              "Size": 887,
              "URL": "http://localhost:1080/cgi-bin/itinerary.pl"
            },
            {
              "CompressionType": "",
              "DataType": "image/gif",
              "DownloadTime": 16,
              "EventId": 749,
              "HttpStatus": 200,
              "Size": 688,
              "URL": "http://localhost:1080/WebTours/images/home.gif"
            },
            {
              "CompressionType": "",
              "DataType": "image/gif",
              "DownloadTime": 15,
              "EventId": 747,
              "HttpStatus": 200,
              "Size": 733,
              "URL": "http://localhost:1080/WebTours/images/in_itinerary.gif"
            },
            {
              "CompressionType": "",
              "DataType": "image/gif",
              "DownloadTime": 47,
              "EventId": 745,
              "HttpStatus": 200,
              "Size": 831,
              "URL": "http://localhost:1080/WebTours/images/cancelreservation.gif"
            },
            {
              "CompressionType": "",
              "DataType": "image/gif",
              "DownloadTime": 16,
              "EventId": 743,
              "HttpStatus": 200,
              "Size": 742,
              "URL": "http://localhost:1080/WebTours/images/cancelallreservations.gif"
            },
            {
              "CompressionType": "",
              "DataType": "text/html",
              "DownloadTime": 78,
              "EventId": 740,
              "HttpStatus": 200,
              "Size": 1482,
              "URL": "http://localhost:1080/cgi-bin/nav.pl?page=menu&in=itinerary"
            },
            {
              "CompressionType": "",
              "DataType": "text/html",
              "DownloadTime": 47,
              "EventId": 737,
              "HttpStatus": 200,
              "Size": 2609,
              "URL": "http://localhost:1080/cgi-bin/itinerary.pl"
            },
            {
              "CompressionType": "",
              "DataType": "text/html",
              "DownloadTime": 47,
              "EventId": 734,
              "HttpStatus": 200,
              "Size": 591,
              "URL": "http://localhost:1080/cgi-bin/welcome.pl?page=itinerary"
            },
            {
              "CompressionType": "",
              "DataType": "image/gif",
              "DownloadTime": 0,
              "EventId": 726,
              "HttpStatus": 200,
              "Size": 751,
              "URL": "http://localhost:1080/WebTours/images/signoff.gif"
            },
            {
              "CompressionType": "",
              "DataType": "image/gif",
              "DownloadTime": 15,
              "EventId": 724,
              "HttpStatus": 200,
              "Size": 688,
              "URL": "http://localhost:1080/WebTours/images/in_home.gif"
            },
            {
              "CompressionType": "",
              "DataType": "image/gif",
              "DownloadTime": 15,
              "EventId": 722,
              "HttpStatus": 200,
              "Size": 733,
              "URL": "http://localhost:1080/WebTours/images/itinerary.gif"
            },
            {
              "CompressionType": "",
              "DataType": "image/gif",
              "DownloadTime": 0,
              "EventId": 713,
              "HttpStatus": 200,
              "Size": 726,
              "URL": "http://localhost:1080/WebTours/images/flights.gif"
            },
            {
              "CompressionType": "",
              "DataType": "text/html",
              "DownloadTime": 63,
              "EventId": 708,
              "HttpStatus": 200,
              "Size": 918,
              "URL": "http://localhost:1080/cgi-bin/login.pl?intro=true"
            },
            {
              "CompressionType": "",
              "DataType": "text/html",
              "DownloadTime": 78,
              "EventId": 695,
              "HttpStatus": 200,
              "Size": 1482,
              "URL": "http://localhost:1080/cgi-bin/nav.pl?page=menu&in=home"
            },
            {
              "CompressionType": "",
              "DataType": "text/html",
              "DownloadTime": 47,
              "EventId": 692,
              "HttpStatus": 200,
              "Size": 481,
              "URL": "http://localhost:1080/cgi-bin/login.pl"
            },
            {
              "CompressionType": "",
              "DataType": "text/html",
              "DownloadTime": 0,
              "EventId": 681,
              "HttpStatus": 404,
              "Size": 209,
              "URL": "http://localhost:1080/favicon.ico"
            },
            {
              "CompressionType": "",
              "DataType": "image/gif",
              "DownloadTime": 31,
              "EventId": 679,
              "HttpStatus": 200,
              "Size": 679,
              "URL": "http://localhost:1080/WebTours/images/mer_login.gif"
            },
            {
              "CompressionType": "",
              "DataType": "text/html",
              "DownloadTime": 47,
              "EventId": 676,
              "HttpStatus": 200,
              "Size": 1488,
              "URL": "http://localhost:1080/cgi-bin/nav.pl?in=home"
            },
            {
              "CompressionType": "",
              "DataType": "text/html",
              "DownloadTime": 16,
              "EventId": 674,
              "HttpStatus": 200,
              "Size": 1361,
              "URL": "http://localhost:1080/WebTours/home.html"
            },
            {
              "CompressionType": "",
              "DataType": "image/png",
              "DownloadTime": 15,
              "EventId": 663,
              "HttpStatus": 200,
              "Size": 4187,
              "URL": "http://localhost:1080/WebTours/images/webtours.png"
            },
            {
              "CompressionType": "",
              "DataType": "image/png",
              "DownloadTime": 0,
              "EventId": 661,
              "HttpStatus": 200,
              "Size": 601,
              "URL": "http://localhost:1080/WebTours/images/hp_logo.png"
            },
            {
              "CompressionType": "",
              "DataType": "text/html",
              "DownloadTime": 47,
              "EventId": 651,
              "HttpStatus": 200,
              "Size": 686,
              "URL": "http://localhost:1080/cgi-bin/welcome.pl?signOff=true"
            },
            {
              "CompressionType": "",
              "DataType": "text/html",
              "DownloadTime": 15,
              "EventId": 644,
              "HttpStatus": 200,
              "Size": 710,
              "URL": "http://localhost:1080/WebTours/header.html"
            },
            {
              "CompressionType": "",
              "DataType": "text/html",
              "DownloadTime": 15,
              "EventId": 640,
              "HttpStatus": 200,
              "Size": 366,
              "URL": "http://localhost:1080/WebTours/"
            }
          ],
          "SSLCipher": "None",
          "SSLVersion": "None"
        }
      ],
      "IncludeInScript": true
    },
    {
      "DomainName": "googleapis.com",
      "Domains": [
        {
          "HTTPVersion": "HTTP/1.1",
          "IP": "[2a00:1450:4010:c1c::5e]",
          "IncludeInScript": false,
          "Name": "update.googleapis.com",
          "Port": 443,
          "Requests": [
            {
              "CompressionType": "gzip",
              "DataType": "application/json",
              "DownloadTime": 78,
              "EventId": 728,
              "HttpStatus": 200,
              "Size": 812,
              "URL": "https://update.googleapis.com/service/update2/json?cup2key=10:3957501840&cup2hreq=6184d42bf6421472a06d7b745c625aab68db9a20e3c6d6fde6508aebe76c3d18"
            }
          ],
          "SSLCipher": "ECDHE-RSA-AES128-SHA",
          "SSLVersion": "TLS1.1"
        },
        {
          "HTTPVersion": "HTTP/1.1",
          "IP": "[2a00:1450:4010:c05::5e]",
          "IncludeInScript": false,
          "Name": "clientservices.googleapis.com",
          "Port": 443,
          "Requests": [
            {
              "CompressionType": "",
              "DataType": "",
              "DownloadTime": 47,
              "EventId": 612,
              "HttpStatus": 304,
              "Size": 0,
              "URL": "https://clientservices.googleapis.com/chrome-variations/seed?osname=win&channel=stable&milestone=90"
            }
          ],
          "SSLCipher": "ECDHE-RSA-AES128-SHA",
          "SSLVersion": "TLS1.1"
        }
      ],
      "IncludeInScript": true
    },
    {
      "DomainName": "darkvk.ru",
      "Domains": [
        {
          "HTTPVersion": "HTTP/1.1",
          "IP": "87.236.16.9",
          "IncludeInScript": false,
          "Name": "darkvk.ru",
          "Port": 443,
          "Requests": [
            {
              "CompressionType": "gzip",
              "DataType": "text/html",
              "DownloadTime": 31,
              "EventId": 632,
              "HttpStatus": 200,
              "Size": 132,
              "URL": "https://darkvk.ru/styles/?v=4&sv={%22main%22:%22189%22,%22about%22:%221%22,%22data-protection%22:%221%22,%22ads%22:%2212%22,%22jobs%22:%221%22,%22support%22:%221%22,%22biz%22:%221%22,%22apps%22:%225%22,%22bugs%22:%223%22,%22dev%22:%222%22}&adr=4&t=1621895717948&r=877615885688"
            }
          ],
          "SSLCipher": "ECDHE-RSA-AES256-SHA",
          "SSLVersion": "TLS1.1"
        }
      ],
      "IncludeInScript": true
    },
    {
      "DomainName": "192.168.1.71",
      "Domains": [
        {
          "HTTPVersion": "HTTP/1.1",
          "IP": "192.168.1.71",
          "IncludeInScript": false,
          "Name": "192.168.1.71",
          "Port": 8008,
          "Requests": [
            {
              "CompressionType": "",
              "DataType": "application/xml",
              "DownloadTime": 15,
              "EventId": 622,
              "HttpStatus": 200,
              "Size": 54,
              "URL": "http://192.168.1.71:8008/ssdp/device-desc.xml"
            }
          ],
          "SSLCipher": "None",
          "SSLVersion": "None"
        }
      ],
      "IncludeInScript": false
    }
  ],
  "WebSocket": {
    "IncludeInScript": false,
    "IsScriptIncludeWebSocket": false
  },
  "NumberOfCorrelations": 1
}